<keymap version="1" name="macOS copy" parent="Mac OS X 10.5+">
  <action id="CommentByLineComment">
    <keyboard-shortcut first-keystroke="meta slash" />
    <keyboard-shortcut first-keystroke="meta divide" />
    <keyboard-shortcut first-keystroke="meta 7" />
  </action>
  <action id="Git.CompareWithBranch">
    <keyboard-shortcut first-keystroke="ctrl meta b" />
  </action>
  <action id="GotoSymbol" />
  <action id="ManageRecentProjects">
    <keyboard-shortcut first-keystroke="ctrl meta m" />
  </action>
  <action id="MoveEditorToOppositeTabGroup">
    <keyboard-shortcut first-keystroke="ctrl meta comma" />
  </action>
  <action id="NextProjectWindow">
    <keyboard-shortcut first-keystroke="meta alt back_quote" />
    <keyboard-shortcut first-keystroke="meta #10000a7" />
    <keyboard-shortcut first-keystroke="meta circumflex" />
  </action>
  <action id="OpenFile">
    <keyboard-shortcut first-keystroke="alt o" />
  </action>
  <action id="StructuralSearchPlugin.StructuralReplaceAction">
    <keyboard-shortcut first-keystroke="ctrl meta alt r" />
  </action>
  <action id="StructuralSearchPlugin.StructuralSearchAction">
    <keyboard-shortcut first-keystroke="ctrl meta alt f" />
  </action>
</keymap>