<application>
  <component name="FileTypeManager" version="19">
    <extensionMap>
      <mapping pattern="LoginForm" type="AUTO_DETECTED" />
      <mapping pattern="release-process" type="AUTO_DETECTED" />
      <mapping pattern="carFireExplosionReport.gql" type="AUTO_DETECTED" />
      <mapping pattern=".gitkeep" type="PLAIN_TEXT" />
      <mapping ext="gem" type="PLAIN_TEXT" />
      <mapping ext="one-scip" type="PLAIN_TEXT" />
      <removed_mapping ext="pdf" approved="true" type="Native" />
    </extensionMap>
  </component>
</application>