<application>
  <component name="FindSettings">
    <option name="customScope" value="Project Files" />
    <option name="defaultScopeName" value="Project Files" />
    <option name="SEARCH_SCOPE" value="Project Files" />
    <mask>*.svg</mask>
    <mask>*.xml</mask>
    <mask>*.shtml</mask>
    <mask>*.shtm</mask>
    <mask>*.ng</mask>
    <mask>*.htm</mask>
    <mask>*.sht</mask>
    <mask>*.html</mask>
    <mask>*.ats</mask>
    <mask>*.cjs</mask>
    <mask>*</mask>
    <mask>*.md</mask>
    <mask>*.rb</mask>
    <mask>*.scss</mask>
    <mask>*.spec.ts</mask>
    <mask>*.gql</mask>
    <mask>*.spec.js</mask>
    <mask>*.yml</mask>
    <mask>*.graphql</mask>
    <mask>*.js</mask>
    <mask>*.css</mask>
    <mask>*.ts</mask>
    <mask>*.json</mask>
    <mask>*.vue</mask>
  </component>
</application>