<application>
  <component name="NodeJsLocalInterpreterManager">
    <local-interpreter path="/usr/local/bin/node">
      <version-cache version="20.7.0" last-modified="1695655295733" />
    </local-interpreter>
    <local-interpreter path="/usr/local/Cellar/node/20.7.0/bin/node">
      <version-cache version="20.7.0" last-modified="1695655295733" />
    </local-interpreter>
    <local-interpreter path="$USER_HOME$/.nvm/versions/node/v18.18.2/bin/node">
      <version-cache version="18.18.2" last-modified="1697206411000" />
    </local-interpreter>
    <local-interpreter path="$USER_HOME$/.nvm/versions/node/v18.16.0/bin/node">
      <version-cache version="18.16.0" last-modified="1681274555000" />
    </local-interpreter>
    <local-interpreter path="$USER_HOME$/.nvm/versions/node/v18.15.0/bin/node">
      <version-cache version="18.15.0" last-modified="1677993762000" />
    </local-interpreter>
    <local-interpreter path="$USER_HOME$/.nvm/versions/node/v16.19.0/bin/node">
      <version-cache version="16.19.0" last-modified="1670920349000" />
    </local-interpreter>
    <local-interpreter path="$USER_HOME$/.nvm/versions/node/v16.13.0/bin/node">
      <version-cache version="16.13.0" last-modified="1635264114000" />
    </local-interpreter>
    <local-interpreter path="$USER_HOME$/.nvm/versions/node/v14.18.1/bin/node">
      <version-cache version="14.18.1" last-modified="1634017198000" />
    </local-interpreter>
    <local-interpreter path="$USER_HOME$/.nvm/versions/node/v14.17.6/bin/node">
      <version-cache version="14.17.6" last-modified="1630349856000" />
    </local-interpreter>
    <local-interpreter path="$USER_HOME$/.nvm/versions/node/v14.16.0/bin/node">
      <version-cache version="14.16.0" last-modified="1614040154000" />
    </local-interpreter>
    <local-interpreter path="$USER_HOME$/.nvm/versions/node/v14.15.1/bin/node">
      <version-cache version="14.15.1" last-modified="1605529725000" />
    </local-interpreter>
    <local-interpreter path="$USER_HOME$/.nvm/versions/node/v14.15.0/bin/node">
      <version-cache version="14.15.0" last-modified="1603799074000" />
    </local-interpreter>
    <local-interpreter path="/usr/local/Cellar/node/14.9.0/bin/node">
      <version-cache last-modified="0" />
    </local-interpreter>
    <local-interpreter path="/usr/local/Cellar/node/13.12.0/bin/node">
      <version-cache last-modified="0" />
    </local-interpreter>
    <local-interpreter path="$USER_HOME$/.nvm/versions/node/v12.19.0/bin/node">
      <version-cache version="12.19.0" last-modified="1602006289000" />
    </local-interpreter>
    <local-interpreter path="$USER_HOME$/.nvm/versions/node/v12.18.3/bin/node">
      <version-cache version="12.18.3" last-modified="1595433103000" />
    </local-interpreter>
    <local-interpreter path="$USER_HOME$/.nvm/versions/node/v12.16.3/bin/node">
      <version-cache version="12.16.3" last-modified="1588067586000" />
    </local-interpreter>
    <local-interpreter path="$USER_HOME$/.nvm/versions/node/v12.14.1/bin/node">
      <version-cache last-modified="0" />
    </local-interpreter>
  </component>
</application>