<application>
  <component name="CachedDictionaryState">
    <words>
      <w>apploft</w>
      <w>checkfor</w>
      <w>curdate</w>
      <w>curtime</w>
      <w>gamecommunity</w>
      <w>gamesworld</w>
      <w>gewinnkl</w>
      <w>gluecksspirale</w>
      <w>lagetyp</w>
      <w>lugas</w>
      <w>miez</w>
      <w>monatl</w>
      <w>morf</w>
      <w>nuxtjs</w>
      <w>participations</w>
      <w>playslip</w>
      <w>quicktip</w>
      <w>refetch</w>
      <w>supabase</w>
      <w>vueuse</w>
      <w>webdiv</w>
      <w>webrbl</w>
      <w>websup</w>
      <w>webviews</w>
      <w>xgemeinschaften</w>
      <w>xmedium</w>
    </words>
  </component>
</application>