<application>
  <component name="Trusted.Paths">
    <option name="TRUSTED_PROJECT_PATHS">
      <map>
        <entry key="$USER_HOME$/work/TLN-Backend" value="true" />
        <entry key="$USER_HOME$/work/TLN-Frontend" value="true" />
        <entry key="$USER_HOME$/work/freeyou/backoffice-frontend" value="true" />
        <entry key="$USER_HOME$/work/google_cyber-sec_4_tools-of-the-trade" value="true" />
        <entry key="$USER_HOME$/work/google_cyber-sec_6_detection-response" value="true" />
        <entry key="$USER_HOME$/work/google_cyber-sec_7_python" value="true" />
        <entry key="$USER_HOME$/work/google_cyber-sec_8_jobs" value="true" />
        <entry key="$USER_HOME$/work/playground/cartrader" value="true" />
        <entry key="$USER_HOME$/work/sc-snippets" value="true" />
        <entry key="$USER_HOME$/work/scip" value="true" />
        <entry key="$USER_HOME$/work/scip-new" value="true" />
        <entry key="$USER_HOME$/work/scip/backoffice-frontend" value="true" />
        <entry key="$USER_HOME$/work/scip/scip-monorepo/typescript" value="true" />
        <entry key="$USER_HOME$/work/snips" value="true" />
        <entry key="$USER_HOME$/work/teampad-electron" value="true" />
        <entry key="$USER_HOME$/work/test" value="true" />
      </map>
    </option>
  </component>
  <component name="Trusted.Paths.Settings">
    <option name="TRUSTED_PATHS">
      <list>
        <option value="$USER_HOME$/work" />
      </list>
    </option>
  </component>
</application>