<application>
  <component name="DimensionService">
    <location key="find.popup.0.0.1920.1080" x="971" y="242" />
    <location key="find.popup.3840.126.3024.1964@192dpi" x="4444" y="190" />
    <location key="find.popup.-3024.2880.3024.1964@192dpi" x="-2052" y="2956" />
    <location key="find.popup.0.0.2560.1440" x="1136" y="25" />
    <location key="find.popup.0.0.3024.1964@192dpi" x="1152" y="346" />
    <location key="find.popup.3840.0.3584.2240@192dpi" x="5072" y="410" />
    <size key="find.popup.0.0.1920.1080" width="649" height="508" />
    <size key="GridCell.Tab.0.left.0.0.1920.1080" width="1334" height="281" />
    <size key="GridCell.Tab.0.center.0.0.1920.1080" width="1334" height="281" />
    <size key="GridCell.Tab.0.right.0.0.1920.1080" width="1334" height="281" />
    <size key="GridCell.Tab.0.bottom.0.0.1920.1080" width="1334" height="281" />
    <size key="find.popup.3840.126.3024.1964@192dpi" width="1684" height="1900" />
    <size key="find.popup.-3024.2880.3024.1964@192dpi" width="1816" height="1476" />
    <size key="find.popup.0.0.2560.1440" width="1424" height="1357" />
    <size key="GridCell.Tab.0.left.3840.126.3024.1964@192dpi" width="2892" height="716" />
    <size key="GridCell.Tab.0.center.3840.126.3024.1964@192dpi" width="2892" height="716" />
    <size key="GridCell.Tab.0.right.3840.126.3024.1964@192dpi" width="2892" height="716" />
    <size key="GridCell.Tab.0.bottom.3840.126.3024.1964@192dpi" width="2892" height="716" />
    <size key="GridCell.Tab.0.left.0.0.2560.1440" width="2487" height="259" />
    <size key="GridCell.Tab.0.center.0.0.2560.1440" width="2487" height="259" />
    <size key="GridCell.Tab.0.right.0.0.2560.1440" width="2487" height="259" />
    <size key="GridCell.Tab.0.bottom.0.0.2560.1440" width="2487" height="259" />
    <size key="find.popup.0.0.3024.1964@192dpi" width="1286" height="984" />
    <size key="find.popup.3840.0.3584.2240@192dpi" width="1298" height="1684" />
  </component>
  <component name="WindowManager">
    <frame x="42" y="25" width="1792" height="991" />
  </component>
  <component name="WindowStateApplicationService">
    <state x="960" y="463" width="800" height="650" key="WELCOME_SCREEN" timestamp="1760016251245">
      <screen x="0" y="25" width="1920" height="991" />
    </state>
    <state x="960" y="463" width="800" height="650" key="WELCOME_SCREEN/0.25.1920.991/1920.25.1792.1095" timestamp="1760016251245" />
    <state x="960" y="465" width="800" height="650" key="WELCOME_SCREEN/1920.95.1512.950/0.25.1920.997" timestamp="1754464694517" />
    <state width="300" height="515" key="manage.recent.projects.popup" timestamp="1760022770194">
      <screen x="0" y="25" width="1920" height="991" />
    </state>
    <state width="300" height="515" key="manage.recent.projects.popup/0.25.1920.991/1920.25.1792.1095" timestamp="1760022770194" />
    <state width="300" height="518" key="manage.recent.projects.popup/1920.95.1512.950/0.25.1920.997" timestamp="1751538206992" />
  </component>
</application>